,Best,EW,MV,EG
NYSE,1.2981797944823203e+119,22.218281357155853,59758783895.71822,1436727203742.3008
