,Best,EW,MV,EG
NYSE,0.005990000000000011,0.3659587249474562,0.5800629638869825,0.42355370045563073
