,Best,EW,MV,UCB
NYSE,0.005990000000000011,0.3659587249474562,0,0
