,Best,EW,MV,UCB
NYSE,1.385984800739712,0.06660878096760413,0,0
