,Best,EW,MV,EG
NYSE,1.385984800739712,0.06660878096760413,0.16809027218005548,0.15160467456202092
