,Best,EW,MV,EG
NYSE,0.036809346625593424,0.008448340235952544,0.0268420437542782,0.03358435038181193
